"location_name","year_id","sex","age_group","mean","lower","upper","measure"
"China",2019,"Male","0 to 14",3.77414149682584,3.6388359616055,3.92285706235678,"Blood lead (ug/dL)"
"China",2019,"Female","0 to 14",3.38002841439745,3.25408044409927,3.50751197308937,"Blood lead (ug/dL)"
"Democratic People's Republic of Korea",2019,"Male","0 to 14",7.55341076795407,6.30195789551214,9.07247649208704,"Blood lead (ug/dL)"
"Democratic People's Republic of Korea",2019,"Female","0 to 14",6.40756286967415,5.32836523752758,7.63473309228545,"Blood lead (ug/dL)"
"Taiwan (Province of China)",2019,"Male","0 to 14",2.07173547589403,1.80462316547113,2.38033102909734,"Blood lead (ug/dL)"
"Taiwan (Province of China)",2019,"Female","0 to 14",1.49563919280699,1.27781200306593,1.74204580207632,"Blood lead (ug/dL)"
"Cambodia",2019,"Male","0 to 14",6.14157409715874,5.10148363383609,7.39564048293945,"Blood lead (ug/dL)"
"Cambodia",2019,"Female","0 to 14",5.26703326325066,4.445010019627,6.28706631090265,"Blood lead (ug/dL)"
"Indonesia",2019,"Male","0 to 14",3.68760490465068,3.4858416924358,3.88403692191521,"Blood lead (ug/dL)"
"Indonesia",2019,"Female","0 to 14",3.24905376034879,3.09070019067251,3.43556192816223,"Blood lead (ug/dL)"
"Lao People's Democratic Republic",2019,"Male","0 to 14",4.30188698372353,3.5917233464921,5.08268541478001,"Blood lead (ug/dL)"
"Lao People's Democratic Republic",2019,"Female","0 to 14",3.93417420200695,3.24818756251408,4.66886836220425,"Blood lead (ug/dL)"
"Malaysia",2019,"Male","0 to 14",1.57042013148647,1.32440072113773,1.86200669613316,"Blood lead (ug/dL)"
"Malaysia",2019,"Female","0 to 14",1.45926840368009,1.22706910307488,1.74454511383006,"Blood lead (ug/dL)"
"Maldives",2019,"Male","0 to 14",3.02240237166698,2.54539699947802,3.61013306413694,"Blood lead (ug/dL)"
"Maldives",2019,"Female","0 to 14",2.66855280069643,2.25528100148687,3.13392120923801,"Blood lead (ug/dL)"
"Myanmar",2019,"Male","0 to 14",4.63781549988562,3.88196151646274,5.49134839675762,"Blood lead (ug/dL)"
"Myanmar",2019,"Female","0 to 14",4.08352566664242,3.41725604809443,4.85576835425133,"Blood lead (ug/dL)"
"Philippines",2019,"Male","0 to 14",5.84888746475466,4.84985094317791,7.03081154507744,"Blood lead (ug/dL)"
"Philippines",2019,"Female","0 to 14",4.70321909321226,3.86986094198346,5.60279512469116,"Blood lead (ug/dL)"
"Sri Lanka",2019,"Male","0 to 14",2.88443536363026,2.4129411671498,3.40025416566843,"Blood lead (ug/dL)"
"Sri Lanka",2019,"Female","0 to 14",2.40421281699781,1.99057433787323,2.86624056935169,"Blood lead (ug/dL)"
"Thailand",2019,"Male","0 to 14",2.04887155290016,1.72080052670191,2.40753522867264,"Blood lead (ug/dL)"
"Thailand",2019,"Female","0 to 14",1.57076959220273,1.31012319272967,1.88510737321903,"Blood lead (ug/dL)"
"Timor-Leste",2019,"Male","0 to 14",5.56219189653239,4.68239513407871,6.62947309541609,"Blood lead (ug/dL)"
"Timor-Leste",2019,"Female","0 to 14",5.07198305131948,4.19479740466618,6.06118157598286,"Blood lead (ug/dL)"
"Viet Nam",2019,"Male","0 to 14",3.8836660961498,3.20887189665012,4.61383173647649,"Blood lead (ug/dL)"
"Viet Nam",2019,"Female","0 to 14",3.19361762697847,2.66219195501373,3.81521119709991,"Blood lead (ug/dL)"
"Fiji",2019,"Male","0 to 14",1.57157484427544,1.31238286845845,1.86889722886607,"Blood lead (ug/dL)"
"Fiji",2019,"Female","0 to 14",1.55938883549783,1.305991777147,1.85175860722634,"Blood lead (ug/dL)"
"Kiribati",2019,"Male","0 to 14",4.34630951152568,3.63780750178552,5.10439452234624,"Blood lead (ug/dL)"
"Kiribati",2019,"Female","0 to 14",3.77005443361635,3.17399886192194,4.49302522167941,"Blood lead (ug/dL)"
"Marshall Islands",2019,"Male","0 to 14",2.79355694585472,2.35346405210756,3.32827521889272,"Blood lead (ug/dL)"
"Marshall Islands",2019,"Female","0 to 14",2.6541865120389,2.22402123846131,3.16206424536308,"Blood lead (ug/dL)"
"Micronesia (Federated States of)",2019,"Male","0 to 14",3.10873589676554,2.62068389856741,3.73447525636176,"Blood lead (ug/dL)"
"Micronesia (Federated States of)",2019,"Female","0 to 14",2.68114939496646,2.21704173132765,3.19836183924959,"Blood lead (ug/dL)"
"Papua New Guinea",2019,"Male","0 to 14",2.38298927041581,2.00787334356034,2.82757487669505,"Blood lead (ug/dL)"
"Papua New Guinea",2019,"Female","0 to 14",2.30873498239436,1.94219600271895,2.76527752058165,"Blood lead (ug/dL)"
"Samoa",2019,"Male","0 to 14",2.44737198807982,2.03998838003285,2.92043837787662,"Blood lead (ug/dL)"
"Samoa",2019,"Female","0 to 14",2.25558171658113,1.87403302568684,2.68880206767475,"Blood lead (ug/dL)"
"Solomon Islands",2019,"Male","0 to 14",4.74239717980018,3.95939518021509,5.62031442710349,"Blood lead (ug/dL)"
"Solomon Islands",2019,"Female","0 to 14",4.30590245047512,3.58683847122473,5.13733929611525,"Blood lead (ug/dL)"
"Tonga",2019,"Male","0 to 14",2.03805553653477,1.71592353751546,2.39799839441233,"Blood lead (ug/dL)"
"Tonga",2019,"Female","0 to 14",1.9974740178405,1.68433251132431,2.38044661281165,"Blood lead (ug/dL)"
"Vanuatu",2019,"Male","0 to 14",3.31059095159636,2.7517065339705,3.90233453936885,"Blood lead (ug/dL)"
"Vanuatu",2019,"Female","0 to 14",3.27150459344997,2.72596918145324,3.87601112256507,"Blood lead (ug/dL)"
"Armenia",2019,"Male","0 to 14",2.6139516619206,2.16513196061872,3.0893043320655,"Blood lead (ug/dL)"
"Armenia",2019,"Female","0 to 14",2.74837284444982,2.31007273106298,3.26610830921804,"Blood lead (ug/dL)"
"Azerbaijan",2019,"Male","0 to 14",2.38630078815451,1.98328833408753,2.83364995789298,"Blood lead (ug/dL)"
"Azerbaijan",2019,"Female","0 to 14",2.50643819515139,2.10262615476879,2.99372739616017,"Blood lead (ug/dL)"
"Georgia",2019,"Male","0 to 14",2.31454621067207,1.92231562145604,2.75856728625281,"Blood lead (ug/dL)"
"Georgia",2019,"Female","0 to 14",2.40043094171053,1.9680799099028,2.90208268626956,"Blood lead (ug/dL)"
"Kazakhstan",2019,"Male","0 to 14",1.94469178141052,1.64541835054742,2.29619405501243,"Blood lead (ug/dL)"
"Kazakhstan",2019,"Female","0 to 14",2.05496575837234,1.72212386705364,2.42741822908915,"Blood lead (ug/dL)"
"Kyrgyzstan",2019,"Male","0 to 14",3.59248945774874,2.97834982882447,4.3023513133291,"Blood lead (ug/dL)"
"Kyrgyzstan",2019,"Female","0 to 14",3.71516294761237,3.09442873750017,4.42507673107378,"Blood lead (ug/dL)"
"Mongolia",2019,"Male","0 to 14",2.86355525350019,2.407971960678,3.40422494869006,"Blood lead (ug/dL)"
"Mongolia",2019,"Female","0 to 14",2.96714282665652,2.4576187486622,3.52596204312729,"Blood lead (ug/dL)"
"Tajikistan",2019,"Male","0 to 14",5.408282719761,4.53786758244241,6.52136678074053,"Blood lead (ug/dL)"
"Tajikistan",2019,"Female","0 to 14",5.38095994305692,4.52002326663706,6.41018532978756,"Blood lead (ug/dL)"
"Turkmenistan",2019,"Male","0 to 14",2.07442142831938,1.74194606044869,2.44931176999322,"Blood lead (ug/dL)"
"Turkmenistan",2019,"Female","0 to 14",2.28697640084227,1.92747288099437,2.71563061362214,"Blood lead (ug/dL)"
"Uzbekistan",2019,"Male","0 to 14",2.96330135200723,2.48010940188185,3.51634952837581,"Blood lead (ug/dL)"
"Uzbekistan",2019,"Female","0 to 14",3.18180068294388,2.68319053349529,3.75185510308299,"Blood lead (ug/dL)"
"Albania",2019,"Male","0 to 14",4.65664299224626,3.87264479066539,5.53016104894146,"Blood lead (ug/dL)"
"Albania",2019,"Female","0 to 14",3.79860190124415,3.17069333975501,4.54580159176227,"Blood lead (ug/dL)"
"Bosnia and Herzegovina",2019,"Male","0 to 14",3.34992974222264,2.77270509277654,3.98069885374296,"Blood lead (ug/dL)"
"Bosnia and Herzegovina",2019,"Female","0 to 14",3.0808916031278,2.60464681662157,3.62941107928096,"Blood lead (ug/dL)"
"Bulgaria",2019,"Male","0 to 14",2.20142121054136,1.84048036807355,2.63570821854466,"Blood lead (ug/dL)"
"Bulgaria",2019,"Female","0 to 14",1.86534368784735,1.56712263103308,2.19666089450195,"Blood lead (ug/dL)"
"Croatia",2019,"Male","0 to 14",1.82878321470246,1.53071345801911,2.1864853603098,"Blood lead (ug/dL)"
"Croatia",2019,"Female","0 to 14",1.58584503477489,1.31201923337315,1.88971908407756,"Blood lead (ug/dL)"
"Czechia",2019,"Male","0 to 14",1.78747694135138,1.50312764125041,2.14737154386662,"Blood lead (ug/dL)"
"Czechia",2019,"Female","0 to 14",1.43792599524673,1.2032859511913,1.70483734391518,"Blood lead (ug/dL)"
"Hungary",2019,"Male","0 to 14",2.32693489595225,1.92142924007959,2.73434270043579,"Blood lead (ug/dL)"
"Hungary",2019,"Female","0 to 14",1.95727051916096,1.62821700734045,2.33619637163156,"Blood lead (ug/dL)"
"North Macedonia",2019,"Male","0 to 14",2.88614861819339,2.39832577676287,3.42562799799483,"Blood lead (ug/dL)"
"North Macedonia",2019,"Female","0 to 14",2.61951614378121,2.18890249821847,3.14233098129452,"Blood lead (ug/dL)"
"Montenegro",2019,"Male","0 to 14",1.98898660658039,1.67247645591386,2.35610830219631,"Blood lead (ug/dL)"
"Montenegro",2019,"Female","0 to 14",1.94093504859291,1.63315070934522,2.30522291232849,"Blood lead (ug/dL)"
"Poland",2019,"Male","0 to 14",1.89490814326362,1.58051114196779,2.26223367742068,"Blood lead (ug/dL)"
"Poland",2019,"Female","0 to 14",1.53772131342506,1.2904429977669,1.82409084900335,"Blood lead (ug/dL)"
"Romania",2019,"Male","0 to 14",2.92698322100592,2.41219169260652,3.48417500410715,"Blood lead (ug/dL)"
"Romania",2019,"Female","0 to 14",2.62655119425753,2.1959988701651,3.13217658439868,"Blood lead (ug/dL)"
"Serbia",2019,"Male","0 to 14",2.90012582967532,2.42541635738038,3.42037990780436,"Blood lead (ug/dL)"
"Serbia",2019,"Female","0 to 14",2.14392664789901,1.80155900969989,2.53152508309241,"Blood lead (ug/dL)"
"Slovakia",2019,"Male","0 to 14",1.87416511709687,1.5682388123614,2.20402020449511,"Blood lead (ug/dL)"
"Slovakia",2019,"Female","0 to 14",1.60594109242767,1.34052393756196,1.9242786004915,"Blood lead (ug/dL)"
"Slovenia",2019,"Male","0 to 14",1.3838873796191,1.16912986685719,1.63747631728681,"Blood lead (ug/dL)"
"Slovenia",2019,"Female","0 to 14",1.18468190754547,0.973860837939643,1.423596935975,"Blood lead (ug/dL)"
"Belarus",2019,"Male","0 to 14",3.06764920523766,2.56316212177371,3.63627779935217,"Blood lead (ug/dL)"
"Belarus",2019,"Female","0 to 14",2.5432186197237,2.11311066162865,3.02437746292969,"Blood lead (ug/dL)"
"Estonia",2019,"Male","0 to 14",1.9949058472938,1.65820871921401,2.37664705984002,"Blood lead (ug/dL)"
"Estonia",2019,"Female","0 to 14",1.6598600456478,1.36602807115187,1.99682646235352,"Blood lead (ug/dL)"
"Latvia",2019,"Male","0 to 14",2.35054375830989,1.94418740284074,2.80631269227835,"Blood lead (ug/dL)"
"Latvia",2019,"Female","0 to 14",2.03276015955569,1.69033735109286,2.44132714698588,"Blood lead (ug/dL)"
"Lithuania",2019,"Male","0 to 14",1.97633117334458,1.64453732449441,2.35149217968293,"Blood lead (ug/dL)"
"Lithuania",2019,"Female","0 to 14",1.69194301391155,1.39780796009372,2.03697690573522,"Blood lead (ug/dL)"
"Republic of Moldova",2019,"Male","0 to 14",4.57158422299471,3.84657778667983,5.47981668624786,"Blood lead (ug/dL)"
"Republic of Moldova",2019,"Female","0 to 14",4.09935317596424,3.41191562335869,4.90471423849214,"Blood lead (ug/dL)"
"Russian Federation",2019,"Male","0 to 14",2.89130102032083,2.42422581795535,3.4278418504052,"Blood lead (ug/dL)"
"Russian Federation",2019,"Female","0 to 14",2.50322570537613,2.09918742318986,3.02976838073917,"Blood lead (ug/dL)"
"Ukraine",2019,"Male","0 to 14",1.78858199172602,1.47965036978086,2.13994304248607,"Blood lead (ug/dL)"
"Ukraine",2019,"Female","0 to 14",1.32033090694849,1.10169433574393,1.58142460056723,"Blood lead (ug/dL)"
"Brunei Darussalam",2019,"Male","0 to 14",1.58794816478403,1.33208217386314,1.88347454478207,"Blood lead (ug/dL)"
"Brunei Darussalam",2019,"Female","0 to 14",1.21146561629881,1.00953544367697,1.43090150130838,"Blood lead (ug/dL)"
"Japan",2019,"Male","0 to 14",1.26646088862769,1.22835428934085,1.30598176083386,"Blood lead (ug/dL)"
"Japan",2019,"Female","0 to 14",1.02983896436074,0.9949916415464,1.06494108094203,"Blood lead (ug/dL)"
"Republic of Korea",2019,"Male","0 to 14",1.64314802809374,1.40706891709906,1.90313417636522,"Blood lead (ug/dL)"
"Republic of Korea",2019,"Female","0 to 14",1.34394680856576,1.15785600251078,1.56577930242283,"Blood lead (ug/dL)"
"Singapore",2019,"Male","0 to 14",1.98741172577025,1.67815962916663,2.36508157028698,"Blood lead (ug/dL)"
"Singapore",2019,"Female","0 to 14",1.94498261451724,1.61470436092545,2.30668979535093,"Blood lead (ug/dL)"
"Australia",2019,"Male","0 to 14",1.51996313269361,1.28325636038479,1.79083698285699,"Blood lead (ug/dL)"
"Australia",2019,"Female","0 to 14",1.1722430085525,0.976927283120913,1.39127041531008,"Blood lead (ug/dL)"
"New Zealand",2019,"Male","0 to 14",2.18263127655009,1.81481081175829,2.6246751082944,"Blood lead (ug/dL)"
"New Zealand",2019,"Female","0 to 14",1.75918872654808,1.48489523518793,2.08001358425819,"Blood lead (ug/dL)"
"Andorra",2019,"Male","0 to 14",1.07657543726754,0.883512095629648,1.29786041971621,"Blood lead (ug/dL)"
"Andorra",2019,"Female","0 to 14",0.856650028076387,0.705738673225117,1.01840179811527,"Blood lead (ug/dL)"
"Austria",2019,"Male","0 to 14",1.20788501120574,1.00536363030232,1.4199007417579,"Blood lead (ug/dL)"
"Austria",2019,"Female","0 to 14",1.21133014272437,1.01207494636793,1.43919507474772,"Blood lead (ug/dL)"
"Belgium",2019,"Male","0 to 14",2.78706546421558,2.32440537942075,3.30569202779733,"Blood lead (ug/dL)"
"Belgium",2019,"Female","0 to 14",2.43785541815046,2.04466427968089,2.89287736979903,"Blood lead (ug/dL)"
"Cyprus",2019,"Male","0 to 14",1.43806264425976,1.19528378105861,1.70210337755525,"Blood lead (ug/dL)"
"Cyprus",2019,"Female","0 to 14",1.2302068507817,1.0249323127974,1.46399573009127,"Blood lead (ug/dL)"
"Denmark",2019,"Male","0 to 14",1.3754262815147,1.15881042491442,1.6142189708651,"Blood lead (ug/dL)"
"Denmark",2019,"Female","0 to 14",1.46714664765626,1.22619792486758,1.75661637288926,"Blood lead (ug/dL)"
"Finland",2019,"Male","0 to 14",1.0027786710782,0.841417548572189,1.18462678879987,"Blood lead (ug/dL)"
"Finland",2019,"Female","0 to 14",0.726608359623787,0.6058583510302,0.870225085731136,"Blood lead (ug/dL)"
"France",2019,"Male","0 to 14",1.51990951644837,1.30618055900786,1.77377130729076,"Blood lead (ug/dL)"
"France",2019,"Female","0 to 14",1.34857306722759,1.13701830451814,1.56504411096079,"Blood lead (ug/dL)"
"Germany",2019,"Male","0 to 14",1.58937189597316,1.33062009093793,1.89744367296458,"Blood lead (ug/dL)"
"Germany",2019,"Female","0 to 14",1.29439655862723,1.08777556100264,1.51936357091256,"Blood lead (ug/dL)"
"Greece",2019,"Male","0 to 14",1.92576791925964,1.61432421913646,2.30713092387375,"Blood lead (ug/dL)"
"Greece",2019,"Female","0 to 14",1.67740809556367,1.4062534489578,1.99821550858754,"Blood lead (ug/dL)"
"Iceland",2019,"Male","0 to 14",0.955507984985431,0.800628937384799,1.13211204567283,"Blood lead (ug/dL)"
"Iceland",2019,"Female","0 to 14",0.87894338487441,0.739578020253829,1.03732844440068,"Blood lead (ug/dL)"
"Ireland",2019,"Male","0 to 14",1.45736124709985,1.22516358599965,1.72672132032111,"Blood lead (ug/dL)"
"Ireland",2019,"Female","0 to 14",1.31388677020084,1.09493939763255,1.55306974911744,"Blood lead (ug/dL)"
"Israel",2019,"Male","0 to 14",1.82696396947194,1.53911608186251,2.19547821814257,"Blood lead (ug/dL)"
"Israel",2019,"Female","0 to 14",1.33207814545266,1.10825368300524,1.59077544960943,"Blood lead (ug/dL)"
"Italy",2019,"Male","0 to 14",1.30662826944453,1.09127482482446,1.55046287436119,"Blood lead (ug/dL)"
"Italy",2019,"Female","0 to 14",1.05893894457647,0.892041081874839,1.25130618222258,"Blood lead (ug/dL)"
"Luxembourg",2019,"Male","0 to 14",1.11889164634465,0.92750187787697,1.32157899494121,"Blood lead (ug/dL)"
"Luxembourg",2019,"Female","0 to 14",0.942269275537362,0.783055740875109,1.1129889915765,"Blood lead (ug/dL)"
"Malta",2019,"Male","0 to 14",2.80321804146116,2.33975894804305,3.36591228088144,"Blood lead (ug/dL)"
"Malta",2019,"Female","0 to 14",1.38816292565806,1.15930197009949,1.65763345333094,"Blood lead (ug/dL)"
"Netherlands",2019,"Male","0 to 14",1.29059473299127,1.0701065220976,1.53221180580652,"Blood lead (ug/dL)"
"Netherlands",2019,"Female","0 to 14",1.08814844383265,0.911887930569556,1.30688054121435,"Blood lead (ug/dL)"
"Norway",2019,"Male","0 to 14",1.43917015263352,1.20678007967809,1.70198957503853,"Blood lead (ug/dL)"
"Norway",2019,"Female","0 to 14",1.18880945966593,0.996701990737524,1.41413367487991,"Blood lead (ug/dL)"
"Portugal",2019,"Male","0 to 14",2.32498494860108,1.95551235582922,2.74078347220552,"Blood lead (ug/dL)"
"Portugal",2019,"Female","0 to 14",1.89857711364661,1.56429919558385,2.27304480849714,"Blood lead (ug/dL)"
"Spain",2019,"Male","0 to 14",1.73213369821263,1.43919310660354,2.05605244600046,"Blood lead (ug/dL)"
"Spain",2019,"Female","0 to 14",1.45580229066124,1.2101651862525,1.75677184555331,"Blood lead (ug/dL)"
"Sweden",2019,"Male","0 to 14",1.05107314760181,0.901865994363411,1.22745818625875,"Blood lead (ug/dL)"
"Sweden",2019,"Female","0 to 14",0.907928274295985,0.769740999954955,1.06336326608716,"Blood lead (ug/dL)"
"Switzerland",2019,"Male","0 to 14",2.06007971488727,1.73802426360715,2.43397355656665,"Blood lead (ug/dL)"
"Switzerland",2019,"Female","0 to 14",1.35288532974666,1.12623645778641,1.63130141293516,"Blood lead (ug/dL)"
"United Kingdom",2019,"Male","0 to 14",1.25990107652675,1.22841580198085,1.29402305852768,"Blood lead (ug/dL)"
"United Kingdom",2019,"Female","0 to 14",0.966471492673021,0.939824619321307,0.996590717107107,"Blood lead (ug/dL)"
"Argentina",2019,"Male","0 to 14",2.6780480197771,2.26004592327024,3.13210815699158,"Blood lead (ug/dL)"
"Argentina",2019,"Female","0 to 14",2.19229281619758,1.84429058169409,2.59568764112244,"Blood lead (ug/dL)"
"Chile",2019,"Male","0 to 14",1.82397870590052,1.5276974859741,2.13745346667555,"Blood lead (ug/dL)"
"Chile",2019,"Female","0 to 14",1.62577550784639,1.36463480322559,1.94951001642538,"Blood lead (ug/dL)"
"Uruguay",2019,"Male","0 to 14",3.89635398100939,3.26949446325208,4.55589830112106,"Blood lead (ug/dL)"
"Uruguay",2019,"Female","0 to 14",3.64508687551292,3.10338959078449,4.30675939536999,"Blood lead (ug/dL)"
"Canada",2019,"Male","0 to 14",1.31676726435885,1.11230829254257,1.54814909251754,"Blood lead (ug/dL)"
"Canada",2019,"Female","0 to 14",1.12766684213378,0.938682587990035,1.32526375184882,"Blood lead (ug/dL)"
"United States of America",2019,"Male","0 to 14",1.26167716234603,1.05167231539969,1.49103207739906,"Blood lead (ug/dL)"
"United States of America",2019,"Female","0 to 14",1.10303122170551,0.928653347275604,1.30058961260368,"Blood lead (ug/dL)"
"Antigua and Barbuda",2019,"Male","0 to 14",2.36605807259858,1.97233486645342,2.799461702394,"Blood lead (ug/dL)"
"Antigua and Barbuda",2019,"Female","0 to 14",2.18912055085498,1.83097963395944,2.58953061183969,"Blood lead (ug/dL)"
"Bahamas",2019,"Male","0 to 14",2.05691240205418,1.71541737235606,2.4514554606904,"Blood lead (ug/dL)"
"Bahamas",2019,"Female","0 to 14",2.00192453624363,1.66949620320111,2.36927394689387,"Blood lead (ug/dL)"
"Barbados",2019,"Male","0 to 14",2.19436144261287,1.85621901404697,2.61642547132849,"Blood lead (ug/dL)"
"Barbados",2019,"Female","0 to 14",1.95553393221451,1.60920575318521,2.31362511506363,"Blood lead (ug/dL)"
"Belize",2019,"Male","0 to 14",2.70869560015284,2.27225920496706,3.1757545623573,"Blood lead (ug/dL)"
"Belize",2019,"Female","0 to 14",2.68716932934323,2.24937375705848,3.17341249381198,"Blood lead (ug/dL)"
"Cuba",2019,"Male","0 to 14",5.37176706495589,4.50853810165136,6.40773691137306,"Blood lead (ug/dL)"
"Cuba",2019,"Female","0 to 14",4.46071738407801,3.73820576920287,5.37772866837343,"Blood lead (ug/dL)"
"Dominica",2019,"Male","0 to 14",2.33482871182753,1.96057513851354,2.81066469188168,"Blood lead (ug/dL)"
"Dominica",2019,"Female","0 to 14",2.65951994123179,2.22593521253214,3.17420488941417,"Blood lead (ug/dL)"
"Dominican Republic",2019,"Male","0 to 14",5.05889882357298,4.23746908928126,5.91101750839304,"Blood lead (ug/dL)"
"Dominican Republic",2019,"Female","0 to 14",4.50193868573976,3.78564335384061,5.42706053919878,"Blood lead (ug/dL)"
"Grenada",2019,"Male","0 to 14",3.04311099937656,2.58883263385408,3.60723222798286,"Blood lead (ug/dL)"
"Grenada",2019,"Female","0 to 14",3.13536515460904,2.63167374465644,3.73980078209473,"Blood lead (ug/dL)"
"Guyana",2019,"Male","0 to 14",4.31890004970291,3.53950121010113,5.17033198176896,"Blood lead (ug/dL)"
"Guyana",2019,"Female","0 to 14",3.931207607186,3.26043675769999,4.68193959255265,"Blood lead (ug/dL)"
"Haiti",2019,"Male","0 to 14",8.90192656196989,7.38993065034468,10.6089628088868,"Blood lead (ug/dL)"
"Haiti",2019,"Female","0 to 14",7.63049822948418,6.45038417842703,9.0509460363152,"Blood lead (ug/dL)"
"Jamaica",2019,"Male","0 to 14",3.57183201053002,2.9714710809636,4.25333120799826,"Blood lead (ug/dL)"
"Jamaica",2019,"Female","0 to 14",3.30673272541537,2.77304967792941,3.89854549648495,"Blood lead (ug/dL)"
"Saint Lucia",2019,"Male","0 to 14",2.57724750160575,2.14379694692499,3.05551263031715,"Blood lead (ug/dL)"
"Saint Lucia",2019,"Female","0 to 14",2.67406341087751,2.24898233895647,3.22587191107996,"Blood lead (ug/dL)"
"Saint Vincent and the Grenadines",2019,"Male","0 to 14",3.4958198682349,2.92820772448417,4.10868098599208,"Blood lead (ug/dL)"
"Saint Vincent and the Grenadines",2019,"Female","0 to 14",3.31218330382337,2.75476401833411,3.93560951405388,"Blood lead (ug/dL)"
"Suriname",2019,"Male","0 to 14",2.98291641489654,2.49505947994295,3.5726488345931,"Blood lead (ug/dL)"
"Suriname",2019,"Female","0 to 14",2.62679372474398,2.17730876744221,3.15168534885931,"Blood lead (ug/dL)"
"Trinidad and Tobago",2019,"Male","0 to 14",1.80999990445627,1.49785105893685,2.18576170866705,"Blood lead (ug/dL)"
"Trinidad and Tobago",2019,"Female","0 to 14",1.42360322933415,1.19935460067676,1.69643184058272,"Blood lead (ug/dL)"
"Bolivia (Plurinational State of)",2019,"Male","0 to 14",6.90536182328845,5.73592829557725,8.24656997458443,"Blood lead (ug/dL)"
"Bolivia (Plurinational State of)",2019,"Female","0 to 14",6.64842754984015,5.54159790642938,7.93575276571953,"Blood lead (ug/dL)"
"Ecuador",2019,"Male","0 to 14",3.32488882080084,2.77632704695917,3.99857846539507,"Blood lead (ug/dL)"
"Ecuador",2019,"Female","0 to 14",2.72711048413996,2.28797394371398,3.27734440980696,"Blood lead (ug/dL)"
"Peru",2019,"Male","0 to 14",6.49007360502794,5.44660370491518,7.62542571240313,"Blood lead (ug/dL)"
"Peru",2019,"Female","0 to 14",6.22277747427581,5.33127676078842,7.3930985925908,"Blood lead (ug/dL)"
"Colombia",2019,"Male","0 to 14",2.5523021091352,2.1400025782427,3.01677087140539,"Blood lead (ug/dL)"
"Colombia",2019,"Female","0 to 14",2.11979374043216,1.79137560659686,2.50075591073696,"Blood lead (ug/dL)"
"Costa Rica",2019,"Male","0 to 14",3.74786210413943,3.14171155670133,4.41046158940495,"Blood lead (ug/dL)"
"Costa Rica",2019,"Female","0 to 14",2.84244320704346,2.37420648408572,3.41228657587102,"Blood lead (ug/dL)"
"El Salvador",2019,"Male","0 to 14",4.9112185723893,4.06849080302415,5.90598174353925,"Blood lead (ug/dL)"
"El Salvador",2019,"Female","0 to 14",3.85545581443684,3.21787090856427,4.58366279758336,"Blood lead (ug/dL)"
"Guatemala",2019,"Male","0 to 14",6.70931269674149,5.6092108698738,8.10489731360638,"Blood lead (ug/dL)"
"Guatemala",2019,"Female","0 to 14",5.04562024919686,4.25510739663165,6.09454445225995,"Blood lead (ug/dL)"
"Honduras",2019,"Male","0 to 14",6.00021311578735,5.00963075350199,7.06015139133888,"Blood lead (ug/dL)"
"Honduras",2019,"Female","0 to 14",4.90194547465085,4.09610916590252,5.85214437477082,"Blood lead (ug/dL)"
"Mexico",2019,"Male","0 to 14",4.85199498443688,4.64222692358169,5.06397242770972,"Blood lead (ug/dL)"
"Mexico",2019,"Female","0 to 14",4.60411473397235,4.42739730724572,4.80147437224547,"Blood lead (ug/dL)"
"Nicaragua",2019,"Male","0 to 14",3.40298547292202,2.8749387918397,4.02860156888396,"Blood lead (ug/dL)"
"Nicaragua",2019,"Female","0 to 14",2.52214572130759,2.11641840119559,2.98491216651311,"Blood lead (ug/dL)"
"Panama",2019,"Male","0 to 14",3.26413507723785,2.73796582198546,3.84923973772223,"Blood lead (ug/dL)"
"Panama",2019,"Female","0 to 14",2.6713812694337,2.22622377028901,3.19051793976429,"Blood lead (ug/dL)"
"Venezuela (Bolivarian Republic of)",2019,"Male","0 to 14",5.06418858605291,4.25654653159596,5.98724460865778,"Blood lead (ug/dL)"
"Venezuela (Bolivarian Republic of)",2019,"Female","0 to 14",4.16549484056819,3.50731488534591,4.97879044498662,"Blood lead (ug/dL)"
"Brazil",2019,"Male","0 to 14",2.90970863038409,2.78979602111144,3.04129595493982,"Blood lead (ug/dL)"
"Brazil",2019,"Female","0 to 14",2.74956077833194,2.63664218889488,2.86454982428927,"Blood lead (ug/dL)"
"Paraguay",2019,"Male","0 to 14",2.73786078678537,2.30860528884461,3.23329332050816,"Blood lead (ug/dL)"
"Paraguay",2019,"Female","0 to 14",4.53253822497217,3.74635959503713,5.46498483051611,"Blood lead (ug/dL)"
"Algeria",2019,"Male","0 to 14",4.13990642658622,3.43707255077087,4.9289730981156,"Blood lead (ug/dL)"
"Algeria",2019,"Female","0 to 14",3.36346939931252,2.83333426743031,4.0070643404342,"Blood lead (ug/dL)"
"Bahrain",2019,"Male","0 to 14",2.77180367582793,2.31742188823319,3.28908276062979,"Blood lead (ug/dL)"
"Bahrain",2019,"Female","0 to 14",2.26251120942192,1.89800198244165,2.70854771838896,"Blood lead (ug/dL)"
"Egypt",2019,"Male","0 to 14",7.33251553578435,6.35812055019926,8.42469888301271,"Blood lead (ug/dL)"
"Egypt",2019,"Female","0 to 14",6.46967601536779,5.64596852839294,7.50169169233856,"Blood lead (ug/dL)"
"Iran (Islamic Republic of)",2019,"Male","0 to 14",5.92525922569324,4.96303626989802,7.13223475276392,"Blood lead (ug/dL)"
"Iran (Islamic Republic of)",2019,"Female","0 to 14",4.70539177746359,3.90267828724445,5.63614484933738,"Blood lead (ug/dL)"
"Iraq",2019,"Male","0 to 14",5.07641593671621,4.34717499776535,5.8047138476064,"Blood lead (ug/dL)"
"Iraq",2019,"Female","0 to 14",3.91884956838606,3.38193906546623,4.4796595212681,"Blood lead (ug/dL)"
"Jordan",2019,"Male","0 to 14",2.89440460728912,2.41833771802036,3.49557645348628,"Blood lead (ug/dL)"
"Jordan",2019,"Female","0 to 14",2.80001806835828,2.33036819833355,3.30764297642164,"Blood lead (ug/dL)"
"Kuwait",2019,"Male","0 to 14",1.87577226051633,1.57781993294963,2.21330891984802,"Blood lead (ug/dL)"
"Kuwait",2019,"Female","0 to 14",1.55585089959952,1.29089621875764,1.85318362664303,"Blood lead (ug/dL)"
"Lebanon",2019,"Male","0 to 14",1.41035093688523,1.17959386337327,1.70049522880853,"Blood lead (ug/dL)"
"Lebanon",2019,"Female","0 to 14",0.90070767294948,0.753154329025443,1.07717693398703,"Blood lead (ug/dL)"
"Libya",2019,"Male","0 to 14",2.28894661260699,1.91229100764873,2.72028717797485,"Blood lead (ug/dL)"
"Libya",2019,"Female","0 to 14",2.06926617039105,1.72682948498553,2.46370121532353,"Blood lead (ug/dL)"
"Morocco",2019,"Male","0 to 14",3.87706597427586,3.3198818809901,4.52346637323997,"Blood lead (ug/dL)"
"Morocco",2019,"Female","0 to 14",2.7390793822252,2.33713615075616,3.20476881852574,"Blood lead (ug/dL)"
"Palestine",2019,"Male","0 to 14",2.1957318331633,1.85481312264678,2.59711183294278,"Blood lead (ug/dL)"
"Palestine",2019,"Female","0 to 14",1.9553127690352,1.63882943547963,2.33444009232946,"Blood lead (ug/dL)"
"Oman",2019,"Male","0 to 14",2.00381525706876,1.68546266710585,2.40812794108791,"Blood lead (ug/dL)"
"Oman",2019,"Female","0 to 14",1.88025795246638,1.572095077997,2.23817589442168,"Blood lead (ug/dL)"
"Qatar",2019,"Male","0 to 14",2.14431291144722,1.79461343574124,2.53112355879969,"Blood lead (ug/dL)"
"Qatar",2019,"Female","0 to 14",1.83519319846001,1.51358150292002,2.2005026590777,"Blood lead (ug/dL)"
"Saudi Arabia",2019,"Male","0 to 14",1.95912774517621,1.65104494142799,2.31564724051352,"Blood lead (ug/dL)"
"Saudi Arabia",2019,"Female","0 to 14",1.76923358472409,1.46516386613117,2.09753651402992,"Blood lead (ug/dL)"
"Syrian Arab Republic",2019,"Male","0 to 14",5.17675231736069,4.30351989512149,6.20245044365067,"Blood lead (ug/dL)"
"Syrian Arab Republic",2019,"Female","0 to 14",4.49718563076232,3.72149227926815,5.3462141136364,"Blood lead (ug/dL)"
"Tunisia",2019,"Male","0 to 14",3.39620289619355,2.84800014256273,4.04565165217555,"Blood lead (ug/dL)"
"Tunisia",2019,"Female","0 to 14",3.04410178900262,2.53682033846386,3.61142258842849,"Blood lead (ug/dL)"
"Turkey",2019,"Male","0 to 14",1.76371658427243,1.48095861615465,2.08620550855235,"Blood lead (ug/dL)"
"Turkey",2019,"Female","0 to 14",1.55145550585565,1.32309206048965,1.83188081080587,"Blood lead (ug/dL)"
"United Arab Emirates",2019,"Male","0 to 14",1.57124989044642,1.29824580128899,1.89339501595875,"Blood lead (ug/dL)"
"United Arab Emirates",2019,"Female","0 to 14",1.67368850198924,1.39772989385543,2.03186104531106,"Blood lead (ug/dL)"
"Yemen",2019,"Male","0 to 14",13.6669833199265,11.2029621156308,16.384244585318,"Blood lead (ug/dL)"
"Yemen",2019,"Female","0 to 14",9.51840677215247,7.89398747487618,11.4131417516165,"Blood lead (ug/dL)"
"Afghanistan",2019,"Male","0 to 14",16.4962222284753,13.6957024417613,19.72549911051,"Blood lead (ug/dL)"
"Afghanistan",2019,"Female","0 to 14",13.3498109359293,11.0274186759726,15.9375285402636,"Blood lead (ug/dL)"
"Bangladesh",2019,"Male","0 to 14",7.72354516712663,6.57808650386122,9.00217440409274,"Blood lead (ug/dL)"
"Bangladesh",2019,"Female","0 to 14",6.52171503379751,5.59081092985595,7.65418909201224,"Blood lead (ug/dL)"
"Bhutan",2019,"Male","0 to 14",2.52932899350981,2.11598174263942,2.99830343347393,"Blood lead (ug/dL)"
"Bhutan",2019,"Female","0 to 14",2.82378328279735,2.34771546591479,3.35451201580874,"Blood lead (ug/dL)"
"India",2019,"Male","0 to 14",6.59398395768692,6.28569210915488,6.93562526695065,"Blood lead (ug/dL)"
"India",2019,"Female","0 to 14",6.67798200634226,6.34363378393317,7.05839748645481,"Blood lead (ug/dL)"
"Nepal",2019,"Male","0 to 14",7.29510424037012,6.12828058192711,8.67564619301268,"Blood lead (ug/dL)"
"Nepal",2019,"Female","0 to 14",6.0508024895664,5.09690003783882,7.18903884420788,"Blood lead (ug/dL)"
"Pakistan",2019,"Male","0 to 14",5.46756489361185,4.63989220444865,6.50888267781526,"Blood lead (ug/dL)"
"Pakistan",2019,"Female","0 to 14",4.73881134488347,3.97225366292269,5.6509098809873,"Blood lead (ug/dL)"
"Angola",2019,"Male","0 to 14",4.59618606181796,3.86493617290349,5.46587950743967,"Blood lead (ug/dL)"
"Angola",2019,"Female","0 to 14",4.24122282523516,3.54185558177878,5.00041767643229,"Blood lead (ug/dL)"
"Central African Republic",2019,"Male","0 to 14",7.5512398920391,6.33029623926218,8.95618247033869,"Blood lead (ug/dL)"
"Central African Republic",2019,"Female","0 to 14",7.14767508265698,6.04426346384517,8.56163282722848,"Blood lead (ug/dL)"
"Congo",2019,"Male","0 to 14",2.95887088937404,2.47342860589266,3.4892186121849,"Blood lead (ug/dL)"
"Congo",2019,"Female","0 to 14",2.89969839535148,2.41580884444914,3.49035293390263,"Blood lead (ug/dL)"
"Democratic Republic of the Congo",2019,"Male","0 to 14",6.41801152243419,5.42613485497263,7.4774918772626,"Blood lead (ug/dL)"
"Democratic Republic of the Congo",2019,"Female","0 to 14",6.09789021699508,5.05930232652335,7.18523231256088,"Blood lead (ug/dL)"
"Equatorial Guinea",2019,"Male","0 to 14",1.90710746931828,1.60363018257655,2.2446559492164,"Blood lead (ug/dL)"
"Equatorial Guinea",2019,"Female","0 to 14",2.19971323713585,1.81326494774232,2.62440574195856,"Blood lead (ug/dL)"
"Gabon",2019,"Male","0 to 14",2.20419729609194,1.84983451929779,2.64542147990961,"Blood lead (ug/dL)"
"Gabon",2019,"Female","0 to 14",2.14863374516536,1.80607236523556,2.50781243907561,"Blood lead (ug/dL)"
"Burundi",2019,"Male","0 to 14",6.37100227471365,5.34125153380742,7.64397258025008,"Blood lead (ug/dL)"
"Burundi",2019,"Female","0 to 14",5.27751519636328,4.3869101329146,6.2611352920434,"Blood lead (ug/dL)"
"Comoros",2019,"Male","0 to 14",3.11806711175632,2.62817736980871,3.68063421910813,"Blood lead (ug/dL)"
"Comoros",2019,"Female","0 to 14",2.89925159187012,2.40937421938301,3.42829895605859,"Blood lead (ug/dL)"
"Djibouti",2019,"Male","0 to 14",3.12718659094383,2.62594778909525,3.75657929868995,"Blood lead (ug/dL)"
"Djibouti",2019,"Female","0 to 14",2.6266629218937,2.19905688952966,3.07992699241479,"Blood lead (ug/dL)"
"Eritrea",2019,"Male","0 to 14",3.34309106030815,2.80724732954145,3.96066093026684,"Blood lead (ug/dL)"
"Eritrea",2019,"Female","0 to 14",3.22818280535468,2.73125872303983,3.89015721193706,"Blood lead (ug/dL)"
"Ethiopia",2019,"Male","0 to 14",4.90940869999317,4.13430297909919,5.79210667479346,"Blood lead (ug/dL)"
"Ethiopia",2019,"Female","0 to 14",4.36362141946458,3.70146960606693,5.23586318531573,"Blood lead (ug/dL)"
"Kenya",2019,"Male","0 to 14",3.16615003005301,2.94449499300655,3.4066308923839,"Blood lead (ug/dL)"
"Kenya",2019,"Female","0 to 14",2.7833453968503,2.57378831954692,2.99745350837805,"Blood lead (ug/dL)"
"Madagascar",2019,"Male","0 to 14",5.31724366875874,4.46861742599924,6.3229811469998,"Blood lead (ug/dL)"
"Madagascar",2019,"Female","0 to 14",4.60756359423107,3.86946794433597,5.51911143510319,"Blood lead (ug/dL)"
"Malawi",2019,"Male","0 to 14",5.37401326430333,4.48017336039014,6.37913016735424,"Blood lead (ug/dL)"
"Malawi",2019,"Female","0 to 14",4.39443343887465,3.66367940487304,5.23096075521661,"Blood lead (ug/dL)"
"Mauritius",2019,"Male","0 to 14",2.33853629485834,1.95623398814676,2.81489578209089,"Blood lead (ug/dL)"
"Mauritius",2019,"Female","0 to 14",1.91612138333722,1.59174075172408,2.28227879812806,"Blood lead (ug/dL)"
"Mozambique",2019,"Male","0 to 14",5.23387546291774,4.33566138162424,6.2286423808861,"Blood lead (ug/dL)"
"Mozambique",2019,"Female","0 to 14",4.48129519034426,3.71726881799892,5.35035299168194,"Blood lead (ug/dL)"
"Rwanda",2019,"Male","0 to 14",4.23074715355101,3.54729385609458,4.9573683668897,"Blood lead (ug/dL)"
"Rwanda",2019,"Female","0 to 14",3.54348231792061,2.98249880749851,4.21515271298226,"Blood lead (ug/dL)"
"Seychelles",2019,"Male","0 to 14",2.30405376672277,1.94535803960108,2.7221466340225,"Blood lead (ug/dL)"
"Seychelles",2019,"Female","0 to 14",2.16485104997737,1.81227560716043,2.56643612935561,"Blood lead (ug/dL)"
"Somalia",2019,"Male","0 to 14",9.2104328499448,7.75358118057073,11.0633584098543,"Blood lead (ug/dL)"
"Somalia",2019,"Female","0 to 14",7.20072384668856,6.07168081369596,8.5489155446385,"Blood lead (ug/dL)"
"United Republic of Tanzania",2019,"Male","0 to 14",4.32814340713299,3.63111739157543,5.04172548527607,"Blood lead (ug/dL)"
"United Republic of Tanzania",2019,"Female","0 to 14",3.84824981567013,3.25062348608639,4.57906804654575,"Blood lead (ug/dL)"
"Uganda",2019,"Male","0 to 14",4.22995568828996,3.5620836187734,4.99956112231892,"Blood lead (ug/dL)"
"Uganda",2019,"Female","0 to 14",3.62602830513661,3.05280443336194,4.3063598460212,"Blood lead (ug/dL)"
"Zambia",2019,"Male","0 to 14",3.23927561426682,2.7051675406314,3.79787181851394,"Blood lead (ug/dL)"
"Zambia",2019,"Female","0 to 14",2.79641231236168,2.34234973776023,3.30660838478883,"Blood lead (ug/dL)"
"Botswana",2019,"Male","0 to 14",4.30094958485133,3.62043837611933,5.14367605759314,"Blood lead (ug/dL)"
"Botswana",2019,"Female","0 to 14",4.11103708910895,3.45853897113436,4.87088802184357,"Blood lead (ug/dL)"
"Lesotho",2019,"Male","0 to 14",8.39088926736506,7.05466084049126,9.97518500250747,"Blood lead (ug/dL)"
"Lesotho",2019,"Female","0 to 14",8.14274714949443,6.79370846526619,9.61023065224957,"Blood lead (ug/dL)"
"Namibia",2019,"Male","0 to 14",5.16368154782119,4.26612659388799,6.21761794151676,"Blood lead (ug/dL)"
"Namibia",2019,"Female","0 to 14",4.9082937300701,4.07389411572032,5.83699392171835,"Blood lead (ug/dL)"
"South Africa",2019,"Male","0 to 14",4.46661349219923,3.72591054529108,5.37108925448953,"Blood lead (ug/dL)"
"South Africa",2019,"Female","0 to 14",4.0634377447655,3.39873359962475,4.79125561763762,"Blood lead (ug/dL)"
"Eswatini",2019,"Male","0 to 14",5.58960785174562,4.68123223053819,6.65224558614537,"Blood lead (ug/dL)"
"Eswatini",2019,"Female","0 to 14",5.49160533945961,4.55825133766807,6.58240922979704,"Blood lead (ug/dL)"
"Zimbabwe",2019,"Male","0 to 14",10.6692388888467,9.00559969061283,12.7879066233829,"Blood lead (ug/dL)"
"Zimbabwe",2019,"Female","0 to 14",9.30981508120965,7.78353449853822,11.0294664365178,"Blood lead (ug/dL)"
"Benin",2019,"Male","0 to 14",6.03327182965814,5.07217327230351,7.10384256629999,"Blood lead (ug/dL)"
"Benin",2019,"Female","0 to 14",5.33125079691251,4.5241718199514,6.31556847474306,"Blood lead (ug/dL)"
"Burkina Faso",2019,"Male","0 to 14",9.51928250146317,8.00504292033802,11.2982603283397,"Blood lead (ug/dL)"
"Burkina Faso",2019,"Female","0 to 14",7.83681796914797,6.54500343914483,9.3697393388306,"Blood lead (ug/dL)"
"Cameroon",2019,"Male","0 to 14",6.4772074332734,5.40483049729747,7.79672238714658,"Blood lead (ug/dL)"
"Cameroon",2019,"Female","0 to 14",5.73860839606851,4.78908982087561,6.87210921123352,"Blood lead (ug/dL)"
"Cabo Verde",2019,"Male","0 to 14",2.54152047990468,2.13738485884304,2.999708661426,"Blood lead (ug/dL)"
"Cabo Verde",2019,"Female","0 to 14",2.66872154855052,2.205387770406,3.18491987902097,"Blood lead (ug/dL)"
"Chad",2019,"Male","0 to 14",10.6389895094468,8.88273953067659,12.5049143740363,"Blood lead (ug/dL)"
"Chad",2019,"Female","0 to 14",9.20347270704076,7.69534944060313,10.9507516963536,"Blood lead (ug/dL)"
"Côte d'Ivoire",2019,"Male","0 to 14",5.76323734388517,4.80106101606608,6.89336140894235,"Blood lead (ug/dL)"
"Côte d'Ivoire",2019,"Female","0 to 14",4.98273262021595,4.18776601972476,5.9060614511463,"Blood lead (ug/dL)"
"Gambia",2019,"Male","0 to 14",6.39361279491215,5.3345037145581,7.58818333071152,"Blood lead (ug/dL)"
"Gambia",2019,"Female","0 to 14",5.4351478158992,4.52632128767935,6.4475096650798,"Blood lead (ug/dL)"
"Ghana",2019,"Male","0 to 14",3.03833888061818,2.55685629115724,3.62407238694565,"Blood lead (ug/dL)"
"Ghana",2019,"Female","0 to 14",2.99527276660065,2.50687217934899,3.56327635016908,"Blood lead (ug/dL)"
"Guinea",2019,"Male","0 to 14",8.27895181604065,6.90444935605077,9.8667243961256,"Blood lead (ug/dL)"
"Guinea",2019,"Female","0 to 14",7.08252512269127,5.88434234754095,8.50289571853502,"Blood lead (ug/dL)"
"Guinea-Bissau",2019,"Male","0 to 14",7.20053615622665,6.04863177460488,8.52810944803291,"Blood lead (ug/dL)"
"Guinea-Bissau",2019,"Female","0 to 14",6.26616664707574,5.17724198821438,7.4003434790894,"Blood lead (ug/dL)"
"Liberia",2019,"Male","0 to 14",8.36864938437041,7.09572245832079,9.85384400192306,"Blood lead (ug/dL)"
"Liberia",2019,"Female","0 to 14",7.03288685108115,5.85492283678839,8.31430653140467,"Blood lead (ug/dL)"
"Mali",2019,"Male","0 to 14",10.4082774883959,8.73579197054266,12.3235413184901,"Blood lead (ug/dL)"
"Mali",2019,"Female","0 to 14",8.73292723792533,7.28466931081123,10.4771567748937,"Blood lead (ug/dL)"
"Mauritania",2019,"Male","0 to 14",4.29264882545144,3.58069473592626,5.13037243427099,"Blood lead (ug/dL)"
"Mauritania",2019,"Female","0 to 14",3.95559580613472,3.29088457184528,4.69769060373798,"Blood lead (ug/dL)"
"Niger",2019,"Male","0 to 14",13.8218380547042,11.4478681935246,16.2356342164078,"Blood lead (ug/dL)"
"Niger",2019,"Female","0 to 14",11.5412541972503,9.70372920918684,13.6824811305779,"Blood lead (ug/dL)"
"Nigeria",2019,"Male","0 to 14",5.6328206237212,4.80575642652643,6.64831234895311,"Blood lead (ug/dL)"
"Nigeria",2019,"Female","0 to 14",4.62878997160859,3.96646127662501,5.37435019452766,"Blood lead (ug/dL)"
"Sao Tome and Principe",2019,"Male","0 to 14",4.0844921486605,3.41434052043045,4.86022098707253,"Blood lead (ug/dL)"
"Sao Tome and Principe",2019,"Female","0 to 14",3.7352883268247,3.08924871838001,4.42465488228331,"Blood lead (ug/dL)"
"Senegal",2019,"Male","0 to 14",4.36898445339745,3.64730679510549,5.17316775343915,"Blood lead (ug/dL)"
"Senegal",2019,"Female","0 to 14",3.97059573698587,3.32063281106204,4.7071539954231,"Blood lead (ug/dL)"
"Sierra Leone",2019,"Male","0 to 14",7.11975161629409,5.98114532195147,8.47492274323011,"Blood lead (ug/dL)"
"Sierra Leone",2019,"Female","0 to 14",6.20309441898592,5.18721392618812,7.41483678206983,"Blood lead (ug/dL)"
"Togo",2019,"Male","0 to 14",5.62183213580942,4.73283218931274,6.67498631437845,"Blood lead (ug/dL)"
"Togo",2019,"Female","0 to 14",4.94375447307665,4.09759687622601,5.8856905237923,"Blood lead (ug/dL)"
"American Samoa",2019,"Male","0 to 14",1.54761951847066,1.31409872422468,1.81438608208373,"Blood lead (ug/dL)"
"American Samoa",2019,"Female","0 to 14",1.48370872062217,1.24659480944968,1.76116369196747,"Blood lead (ug/dL)"
"Bermuda",2019,"Male","0 to 14",1.37624607258237,1.1544824839118,1.64349388840456,"Blood lead (ug/dL)"
"Bermuda",2019,"Female","0 to 14",1.19473943323646,1.00290497849066,1.43308547648641,"Blood lead (ug/dL)"
"Cook Islands",2019,"Male","0 to 14",1.05911393792862,0.877480094000454,1.277867042211,"Blood lead (ug/dL)"
"Cook Islands",2019,"Female","0 to 14",1.05052487569834,0.870538716645089,1.25018868498809,"Blood lead (ug/dL)"
"Greenland",2019,"Male","0 to 14",2.65216603076777,2.2285946279441,3.14059293523498,"Blood lead (ug/dL)"
"Greenland",2019,"Female","0 to 14",2.36612537689647,1.94962604095605,2.86798314960896,"Blood lead (ug/dL)"
"Guam",2019,"Male","0 to 14",1.08806084902274,0.904395295528077,1.29944184506182,"Blood lead (ug/dL)"
"Guam",2019,"Female","0 to 14",1.06547251944117,0.899937511880611,1.26183149431563,"Blood lead (ug/dL)"
"Monaco",2019,"Male","0 to 14",1.23797770915981,1.02786052045562,1.47323730111345,"Blood lead (ug/dL)"
"Monaco",2019,"Female","0 to 14",1.03402290578157,0.86041861202664,1.22374278728309,"Blood lead (ug/dL)"
"Nauru",2019,"Male","0 to 14",1.86695253560106,1.56613191954942,2.22337989546935,"Blood lead (ug/dL)"
"Nauru",2019,"Female","0 to 14",1.82676493223615,1.52488092404386,2.21799546264611,"Blood lead (ug/dL)"
"Niue",2019,"Male","0 to 14",1.17763207387694,0.989641291780176,1.39046154416428,"Blood lead (ug/dL)"
"Niue",2019,"Female","0 to 14",1.18163217451235,0.96916522196406,1.39939083331923,"Blood lead (ug/dL)"
"Northern Mariana Islands",2019,"Male","0 to 14",1.14998713958855,0.959467559716729,1.37971150166326,"Blood lead (ug/dL)"
"Northern Mariana Islands",2019,"Female","0 to 14",1.15389119033738,0.963238701234561,1.38637374390549,"Blood lead (ug/dL)"
"Palau",2019,"Male","0 to 14",1.18955646449859,0.987957085313799,1.42145276458107,"Blood lead (ug/dL)"
"Palau",2019,"Female","0 to 14",1.17369782819596,0.976041920995032,1.41017461316568,"Blood lead (ug/dL)"
"Puerto Rico",2019,"Male","0 to 14",1.39562064326354,1.17767535555613,1.64171557779526,"Blood lead (ug/dL)"
"Puerto Rico",2019,"Female","0 to 14",1.2443773159788,1.03515245871294,1.4760909389131,"Blood lead (ug/dL)"
"Saint Kitts and Nevis",2019,"Male","0 to 14",2.06837054844177,1.71639344740709,2.46596240939095,"Blood lead (ug/dL)"
"Saint Kitts and Nevis",2019,"Female","0 to 14",1.99263312423238,1.65343082901973,2.37822006293882,"Blood lead (ug/dL)"
"San Marino",2019,"Male","0 to 14",1.33419820227512,1.09702786473953,1.58851843037467,"Blood lead (ug/dL)"
"San Marino",2019,"Female","0 to 14",1.11467694110257,0.923328146007853,1.32746193193196,"Blood lead (ug/dL)"
"Tokelau",2019,"Male","0 to 14",2.0599033950261,1.70284870141098,2.45689475714957,"Blood lead (ug/dL)"
"Tokelau",2019,"Female","0 to 14",2.00660637180967,1.67478057344162,2.41990367110272,"Blood lead (ug/dL)"
"Tuvalu",2019,"Male","0 to 14",2.11285049805723,1.7741832702419,2.54538703455872,"Blood lead (ug/dL)"
"Tuvalu",2019,"Female","0 to 14",2.05207936419529,1.68195312271521,2.41375447692179,"Blood lead (ug/dL)"
"United States Virgin Islands",2019,"Male","0 to 14",1.55638915761773,1.31023042422909,1.84395904474817,"Blood lead (ug/dL)"
"United States Virgin Islands",2019,"Female","0 to 14",1.71258254178253,1.42694471697551,2.02319956111322,"Blood lead (ug/dL)"
"South Sudan",2019,"Male","0 to 14",5.91277324861784,4.94356154335203,7.0876707410029,"Blood lead (ug/dL)"
"South Sudan",2019,"Female","0 to 14",5.40833726630275,4.53198650251801,6.39269195125965,"Blood lead (ug/dL)"
"Sudan",2019,"Male","0 to 14",7.59002323975292,6.36925724268838,8.98181842304271,"Blood lead (ug/dL)"
"Sudan",2019,"Female","0 to 14",6.64671833935141,5.51507376160194,7.92308927337376,"Blood lead (ug/dL)"
